ID,Target
MzQuRiUbPFsq6Azy,luythisenlo h
1LrXN25dFz88Spt3,uecessarieo
voWkMuyhO8FAlLr5,
iQqdWwQ7uXrATwei,
fdbPL2qsoaciDFoi,Y88
nEnN2tNfiPuI0eKo,4ohn gonnu hi ksyror Bxo
Z7TfVaawKoiQZOO7,ne sndale sabterSoenefres
WhALleExeDgpxSQj,Naluabls rontidrs
myxl7VamCxHmaLtv,WwMee
wH9GBIhd2kvngi9L,
IQd2lStKyzHNKTkp,ving his lerls Erceutod
g3nKhimFDqxMPLH9,malch oud shot delivered ly tshhhs tu fet
WHyB8LgfZiRi9mYZ,
4Lr6q4VoUgY0r6SP,
rs7ehHgZXSIQ2W5S,
jb4nf88FSi0QABxj,
QToSMEeIeMcwPKCq,
iS4Dj0rmbVBFEFNH,manusll
sTr8Gq7XwAD7YEex,exleeuh day
FCRsomVkB0HZYmfL,persons uhatsoever claimeing any right itle or interestf
hDNMdtQVQVlhaTiS,Hhi bndic of ttis obligacon o ouch thatif ye atne bouud wiluu 3
qD2tmy2EgpyKwKsS,rsed
eqxocQnH6YxyE6D4,ans assgnes ot ay othen ubndenend atsve eouverueuh slorchiuse meee
b5jNeP7DlyuXgPPp,qeces
bpTAtJ8xTfRc6cie,Lealedtdehvediw lhe prseneegfu
2T0vjBNNXdhVxkn1,"shsrwa Ganctt,Molrncki"
iOenISaFI2lJ5FIW,brhoyrooy
jCc70omRxjWU2fhV,wit'hebpuleeces and werl
Ji6nDFkgdNdEqsqE,
ShUE5ciRJhtbzN1o,MWO
bc9PQD62rJvNFViq,hael rnadle or corrtted
d7h3zq1Hh4J6HVaq,eale heuof ciud lt
iKhtB3YQx5aljYms,mlestacondrconbrauee or dlenicl
cLc5dQBnOivGU3BP,
I5K4sdW2zizQaDZW,wnes olraod
14eGgIyKzMioXrq5,
urcjtqDGna48C4va,
4NZNdZKHtT4RYe6k,oand in eonsderatim
Uv98CHMc6JGvY4cB,
ZtjbmOqZ2QaexnuW,lorris of ye Lsland oflabaoseMarrievdoeae
LYjhxkC8lVxNFIom,unf th 0
yuhilhxWZdc2ergJ,lsad Sile Lod yt nehatt doue hn assut andugny curo aft suel
kFsilu1CNd3w8aFi,dblatis sntsee tsad
JCHhUaZ8t20I9clH,
4wkQqWYnIFi2QbCu,tononh Plantaions Ront
tSNq1DnYN7zUxRYs,M
QhBXR0hfvOxOyBfo,ano
Y6Rt687BT6wfLaNG,Walter Huide
pJB2ymjZ9VjEZalA,tand tsge doeowe andby te huo
qU4OeUe5b2GOb0LL,mielb
FWOuOEGP3JjXSYEm,mtsfta-Jarisnfstonwinn ts Fseaafotsai
kXEHE7Ndk7wKgSjb,into she aloesd.Rollins as titess ou hando ltis 8
Mar2jiIqZlhQ3bia,ethwyer dott hudehnrelk hio heres ercoadasrynes tkayn
16B9hYmKqtNGI2Yp,Mecs are an
pgv8bC3172eXFqeO,ond fettoy fsSoid Aowtenc Bulrey Son Wiirsrirs
9n2oPoRnrPAGb3X9,oled cuddhed i te prseuefus-fhuHar
5d98ZDbQAvNqHb3u,Meke
Axlz4y814Kob8b7J,deoued eottiu nivoll lopu
T14LCfZIMuzLcF37,How all wu liy these hsut yt IPhilip uosof tu Babnsdobuduysel
droYLsVQT54zTeB9,areDo
dzNbQOPBggN8YUwX,1777
STLPL4LdzH8kSdhW,eeres
yMewBNEHdENGjndE,efrd:
XqTCnNsS6Fmhi2eC,Sasreives Aver
vBmImBFABwXDdnfV,fnhsmsy
FGqIvZ3IIb8WcB46,JartadosaWheras boapr fonnS
RR6wd2umsF4FR2qf,uya ttb tdolo
Vfm69yOg9r4ORI56,elb c
eRo7qYYOLQZ7mBhI,wus
8aRUhR4IWrXPvhsB,
yaAYjlmaAmwAEnPV,792
dtF2POAVgsoDG96H,
VBMl2YnpKvZp77U1,rstianpeople
f1ffBgVVxZiJdL9J,alnsais uuk teais fhnShai hio hin ooanmes wttart any lt nnbhmnsiron
BkMkklk8H2omHUYf,artannk lnw hrwoxo.law
Hzw03wFYE4MaG4iC,Deeenwn63g
2gxhgqXvu4hlKnLZ,aud behoufs
Dryhlp9QfMSQacjs,Joo Diliveth
B0E9J5TbJ5iyUrKn,JAL
9ciG9Lv3g32CgH6D,oi saluuale cnsidiracons nu herulo rrrorurg
PjiSkDS14CiBgbvr,sndore
sQKNNY6zmYwDyGAT,le c
naKaradpF703AwJt,
fjODbAygJXuQoAcT,
LKjqz1KksDbs2Hhg,summi o guantity ot goods and Mnerehantallg
6biVyQWKsrDoXxQn,snio
qae9B2XfQCd51PQy,
UOOvQ0nyj1KihWSp,
EvsGkfrxTWAxOQpj,Muls asd assnes Mheol
dxzGDJdDYeiS2Xzv,"isterccheusofai kSuxy the ngros,gloso,"
t9N6h9fZSBvbi72a,
6TZeYa37jXPjujyC,urme yell
CwVZExFtWFuIVmoL,Meuhie
gqcZXJ1prBKuqrK4,minstahs Qsgnes
TQfADx2befxm2iO8,
pLlCfRKuqb8AoHu2,
iqh4gVJjrsMnTvnR,
XtShO68sxNoo9iEj,He loeslab sis dil
ImOM63C5fDa7vWLH,
5ByLs3mBtn9BwRSm,7049
V777NhBeCava8k5k,rone
NYnRfpiNtckREYxL,e9etms88
XXOVuB5tyIAyDzXO,
Ljh69ag2HZeGI4ON,sard fhomas kendall and Bengamn
xgRxI5Pwdzrm9h82,tuneaoeuhacowkmeeth sad hni dickmsn wgeltnt
2sWyICOTDWsLRjKs,J/ieseptsnts Suvitnes.wnrsofShaus hoovnto lstniy hau
txw5M81dnyvowV72,MarroJ
fzsFAqLlUEmJSAJZ,al tormgz barganss
oXQdbbLfsoukNtN7,bealieduutill sucla
CkqnGcDbeOSRVDyv,teucbout
xKrZEZzhXkgJKp7Q,rese
7odwkFOdqTnyK41l,ihs
HwQ8QbZvAxOgpou4,Hhis Still o 8ale achnowlege
4RcNPdVYpS0Jaj2g,
yL4qQVSGAWhXUWFv,out tPyceroof hisseicd
1SSw2BiEvkGa9ahA,Mstussm
6nWzHZOSfFk6cmhm,prleroees Cordrrg nprhte
C1o6OTTPxWLIVMmX,sael loulyeeue adWuboulduig tr herescro asnols
vCvB003PMituM8Sm,homaRadlord andAnthur Hachen tur heyseles aonrhs orasryne
FDZTQmdY5EK7aKNe,
Z4ZaIsRlpVj5qlnt,Scer
P7fTt1XLkAjEoOxa,narg0oy
Rd3AXiWC4ATFlM8o,he assignes ohoilt wiu on or beforelhe fuardayof
v4PkGHbvb7ZFuc3F,ersduy of Meay wdshall bein Cnno boui
IH5QQwbfUPz4XYOk,Mhmhan sh18hhenar
ikdEj2ip3M1xKYrD,esectbpluforeeleBted) wttoultulettsut troubluolirtacone
kTow0eQib7NW3qxL,yharaflr Shallormag haus
w4EomEB5HraUNfmr,
1FNA88rcSxnCC8p2,ma
ZR3eQvmfCyzbZSks,nis
fBM0lIsugfuQstCM,ret madebelucene cll ouswen
yWSFtGaKuFOO9oKq,and Pelivgry of thasrhrasrntsig and sounillaqood nirfiel
i2VyQ85qwk87x8Co,hax!
f95LPcmWwMt3VaKs,
2wVAa1ByULUMl739,sceecetors
2rE4Kl6R5pdv9D04,
TXLLrWYZP8zwEQM8,alie th lnbnor audthiclinre
v7ZtMSV5wTNw1DUG,haue
IPJBSeE7oZZiZCDA,ghan
UUwKH3mzXkdD0ZrN,Sdrar
XdEpoOauw0NEJjYr,haud ans rell sealtio ttie dus telelt day of Neceubw16y
GpnbzEPCQnb0zESY,My nees Esces acnror asoigrooram
CHQRfhjzzSLgV75k,tall bhtts thruul
kv5dJq6wdVReP348,
A6LEZKRClNyXwNb3,i amy ekad aspucent aus conlilukd ad bytes puscis doenateodane
EAueXWMeYEOc6SJ2,
7rfsKKlMaYaMSPAz,cute de
VTpogIeR9jmoxCRA,seu
ucKa8jv38q6lwDm5,welbol
muGf8gk9XIIaOenQ,ohnr te sad loschoellbokrhis
LkaO57IHg2P0rpXe,teu iN is also agreed upon by tbetweeue lhe
lDVMU2eHEuT8WV8S,wy conoem
oSxx4iSIuJFQb35B,and arrusl&nantes whalsowon f H sam bolong
7DV1LRI8XKUDVTNc,CANA
42VHyFIxvqF4aYeG,nbemf Co naus andto nol ans saraafl
SiWiEJmFzPKmJNVH,lamnee cuyreynteor
vY34uDFbeEhwED2k,raus m courdrueou o
3mUjdN6wOLPSlIrH,
dlZjFxaNmSAQ0brE,parbios wrtm
Yz0T4b1288yKqToR,hinis
1PaOtNfdyVa4fHpA,settover
x9zDKpSotR02fP2P,rnes iskess audrerclrrels d
MSv3IcwbWUYtuZdx,Musnes an
jLqgFZBhhg42tGok,yoere-wrtimont
a5GFgyOnH4JhLnTR,ny raufs eMlalr thinqpoco
ESihEQoTsaT6ltiP,Nssignes n ae ene
Tql4pZFUpnent0Oj,
5j5hfC9bU1IGOL9s,made caused comitled ktured oidloue ot ls le nud nade ot doue
02atqnjsbbPPWAfx,he goods abnenencred dott siude ouvsehes wrth ourplautain'cuteneig
5vAr8dDkn0ir23El,This ndenluremade the
PQgZR1DD9yg46RO3,WinuuseRobethleb
N4LF7PbziTN4HecK,mjo am
9gNrL91w3G7nlxeM,co- anto tiots riohoroeygraut tareenogpsols
bxutUNqPYTnO1toX,doad did bsloi us disle and Peliver as his etct and disd
YRAEPchzxyk1FVF0,ames
2KEtiP3uwhpUBcKd,
M2chvwENMIakHVq7,e
Ad19jEzMXmZ4S3rY,"Kh.m,eith."
R4HYMre7U7aFUKhh,Orr
6VL7ky05DEOwZbrz,nspanell
pUAFJWpSEPTFCYbf,3hApuill
bKk2xIClHMYPOszD,undrod Jitnt
yQ2HmHUjNjeyjLHU,Saidnomas
eL3PhVbva2F4gLDc,FoutSordoutfioufauds
FL4pUG4QHK1r3MfZ,
hohd5cKrpeIgro4N,JnovksrThomasbotehett
ysbJ1m6Jx9VIbub7,assigueo
IK6Sj3pSSenjqBwM,mseavadadigasbayal
MD9x1wC0lV3WAgAM,rronnce.
WRzgL43XMwPnb698,demsid
ISHJmN4PkpDvMUa1,wll
D96jItjzHdYMiGYj,re
QIHnpNiZm1IQWMHy,hshsyorsfonts shell coms
wRUgP3zZZakuiKGy,
CpWDKNQyvbF2ulFn,methe
QYsSWuLlouRh0ATn,ueu
WP6UP9Xs22atpY8t,
IQUixJmlce5rZ7nv,Harie Hiagdabone rgne hionhieWahinomialio m Ra
fqqvJi0lcBF21niZ,
7K2o4HUYrm2RbSRI,i a place celled ll
dInAgVa3JIcjwF0Q,
GTrA1EEpDJjym6MG,heiok unt atcugeRichd Cduy t td Boads gat faaal
f6dJDcGlyMFY9hWG,riusl
QMbwu96JFxnbSOjL,netlyf eouanlagy wnaljeellolh-es
eHgLzPhmIPC23xPN,
IaygaH6vYpZDcaFd,
HSoPMtZD1yr8UAVR,
S6aKv717N68tGf0v,MAK
qafwbRVqn1ODNYdT,
ocfsL2tJckNH8MdJ,ertees
qruBu8TCVSUIXf0U,yoar
CigSIYxYJKn1wG8q,
ocAWa7r8AoVQmWne,MMAR
CVbXn1tXg153s78C,MhabowSooashdbolintaryiorlie
JRNzJqAcr2h77TkA,
ueOxZVTdkui3Hx8t,To all bhistian Peonle to whomg Hhis nresent wircig
SZu1PTAaTIMS28OF,
gIV0v2TfmiEWK5C0,esceler
a2LAc8hxmvmZOYbw,AlBwruoyors
hDESdz38Fp5zHXZj,Waes nnrehcdbes diblo ds o deiuends whor ao ardu oweuy
HnSnNdgKUOHfEUSM,kWell alles
Fv5y4eN1BVg2DyxO,
wagBFmfHG5jAh6Fa,fbety
Qf11l1myKftMzfWP,
OXOydtHcuIKjuGSo,oabt
lknYFo1BN2udq1nj,
t16GgfnVPxW35Wm3,o hs ans fhir onn3propovf tomhand 6ohooy
IKcZa3Up0dediCls,
rdmhYjR296EFlkQ7,ce und Hoa lur eees asmshs cndasnnes l
ZWQvkNtxBmFO2Ye1,hmidtreeeved
FSKowlCvAxiSTbIp,Sfowes
Byz3qEzcJwiaGQV7,
pnwpZNdTaOvIu3W1,
GoUonzsWECa1qgoT,
gQBGXxj18x1peQZ1,selerone
8KQ39jVUE8wcoWFo,romdas
iMTzYvolRJT5o3ew,Doo8sll.
AQLKHu7qnQTupqzi,
HU6V46tBJK4gx5SO,Vurn tbwsandena
KEQ0MPI21nyCBbEt,nouborscurg cppurtouros wayos
OlZieTX8DcsmcYm4,hur heuocdeers as aonrs or arn
cD7bYtU7yrqvapbQ,
Q0AFcQt2rYCE9E60,abot Ofacp8ns t
yQyoRVkwVyQYDnUT,Rrer
ZOGCwHC0vdYLJ3cQ,iene tnufentel
SQEtziWuNeybgflr,evudue audoutof
PuaT3RHXVKUKo9Q3,qood od ralnebl eousderacns
rFlW6GrzoWKidHZB,ronse telese a
LYuaBcXuP0sggS4n,"audclsiguos,doo horoySoysraeeyaulwoiptrtiseytovouen"
C8yDxvuQziUHnpnT,roud f Jotaccoe p aeve a uihue oun haudo ltis glt ofJuly l
CK3BXkVrtvlCG2s8,
cSEMvVffGhkQ5gY0,Bafuwuns piootioy o aovautagos alr+aor eoer
j2lCOUfDjyziWPxz,
QkHbw72ZQQSHDD0F,
vaY4WdRPsrxQcCTi,haarg pai an c'own shrusan
ThIZXP18o2OYgpFF,
uyKyuKgZFgSRnvFG,Jelaud3
dj73p6IJp4zKRE6a,
MWMVURRW2Df4HsjI,M
jR7pBfY2FL6qKAUq,Pelstaneoeh.
Ps2OD0Hv3x6aOhen,eexard wittell te phlts heuehtts aus anputenaies
Z4CqRvTH9cFAAtID,houfos.ifros woootcnbeywo
03ge0EGAdvC1Cz1C,Ho disYofayoydnAirntrorgaoofor tgoss Hor
i0AOuJC9iHa7kpJ4,Soar.In gstne
MR4VoHrT0rqctxGI,
Vd7IlkYbFGhe5pUC,eerchurs
mHxNWFOCWdnrJi7s,sbs doianel
RgB6rNIlHWRWpHXP,ndgischoree
I2X2hstEsqnaVOKz,
7FXj8D7ujaVIGvPT,housas
rIIiaG9K9YXorIzI,his brii buditt ue ouao Slekbu of tiu lslad of Barlavoo wy
Siu30SpYILig6YGT,fandfromallfornerbabganes mor
oLJuSloJQgZJkY7G,and
XXx4gUdJHwWGKTSL,
zXLn6cJqI5IEPXjx,aud
3bHQbwPSDOee402F,Band B cafo(le nauan fo nol th Saissan
lWw0KUfBqipa8hiE,Intmm maroandtozmtaforfo
bRgyFQsqK4URlnsS,el oilt uy Maud
aM8opMgTozVNsfl0,Rtoastrer
b9IigoD1hhJTsi3w,ausi my nane k reeew
EtMvsxaHLQRjdpG0,
PLqjnK87s0mJRnUE,Ssfaslishedin MisAslans ofSarsades afors
EssQg9LFxQrzySZg,asqnee
CVmicmbULpFyeYIP,souo coveneutlorehrruse alilhe seaeee sttragelree arab
zeYNe5xRDEag6t4f,nirriiyns
g9R55WWmaPaeVyfO,
Iq5zp4YLjPVsJV1Z,dieu eorne fobttoeidut tho fuurll
vzyY22WJFi8pdyPn,
ffYZ8XBo1lJjVjxh,naroChharBogsfhr with alh
gKHu8KyFeHojgm9a,and engular
AcuVET6ZyyQY0PjF,surrie
ctEQyedj9N2BQWPP,Og ant folg Hotary
ZdKwIrMIkuTssKr8,eares
GxgYU1FzKRywT0Kx,
9xkgaHv6Hm9ODxwR,possesseon
p7CIarCascEOLmyw,h'hsuticih
2YAwUvLj5fTHLuyI,
ovoSk89GVB6eDJQa,yeitoesnge ane
AmmDahr6dP0c7WOS,bohrhor peobl towloue Hers bsnl shall cneleorge
bHUrIsbG0SRBZ86l,amenh ausbetterserly olttu sunn cloeand
afkiOepoPW7S9HFw,
xBe8Q6vNuQ2hU5tG,16
3n6xkUsTCWGFU3gj,Ineiero
puBLo57L8j6K5aAc,Mnarrrerene
1XRVLY91wFVMt1Fx,
Jo0kBr6UGMFTfR9R,onfrned siuls Msgnouognoe o
hNzCHMBp7Ua6ZdK9,Named
FnOZlU12Aa09LBGv,UAwen
yUQOVojodPtF6Fjv,a purposoy wtictfoouoz aroinig lo Hio fonor
2W5raYkBShmwmsju,Hu cMerslee
CanJxdpyZcvNukNG,abovesd or an
nTh1SaAgvnCjjUPY,
3sxLxwa9J9ddjON5,wrodomtalhs8e
oPwBEtY24ob7dbXY,
tuB3xFWCvI5bKCY8,harmm sed
sRNyC6VpRFNqwODE,Hoymmorogonnyypn
obam73lv8yK6ZArC,nne
Eghoc1ylfWSZepBN,twris smeuewee
8tSzCuX2MesLLQMw,aurh
xre1INkuI5H476pf,Mel loors goybsugchsikonaloogmtferus/myp Hoaroud Goloy
HFFQvkSPmNLNB11m,
PjwPUKvDT2YirYWQ,neuoake cut allulercy
CtDq2hfkZRt0TSMc,Bein Rnowne nub alluen l
RUO8fBFZguBdwHCK,inaqes Easeiuicul
cK8ShmbCuAjASnAG,qitheruirttJwotruids
d8RInvCiQIMb8Ng2,no/
x10RAePB4sjbuMYx,uoandnourid
5Kx7i8eYDxvGu9hD,soeverallwtes
pkA82uLGrvammRFN,
V9IA3iXoue794aS1,Qae
8Q9Up9QE6e6d1Sum,yonKty Ec fftof r
QILQnLlF2BWU9WTT,pne admnistiat
nGAF6tT4H9uFGpd7,all
6CzKMmn8dpJfuBLu,
gZGtGKEtjipu3rZn,e
rXgR9x3gnNIW5xxZ,omoutiondauouoy jpartoudjarro terf nr
saWfn0G9xSTz5KLm,wnder
epWJEJncuPzHiGZV,sadm
uSAyapZAgZA1itIB,ecne
fGsiykQiyt1Ps6gH,od onarlos trBrond ofEugfandSrotlew fPrau and grstaud
g4zPkQjRO6GO8smU,
2mrd98zsy5HA5EDu,
CiMBCj2drfJBkNme,palssusyetnd she
n0jF4hz9PmUd4PSU,
5ql1df55Bv9Wtkmw,
NLfRiuhpthlxSjGy,te eae Williain Willaiurou his hes eofeers asuusts cud asngues ell diskoeo mak
JlON8x9z7wzkeL9k,
UOWwkVNgrJpVx9Py,allon
8XRxNw8tFBfBJWdU,
qSIEilw8xD9Gvzqg,lando of Hny
uqz0CmMpezqUMaL8,0mmnbngmnbnooMp
M023LCalKlCekdvp,Addelton
rnWXkKWkFYWXfiNB,
qSE3ZyWIXgBSLN4w,
XKw400HQ6W34DdXa,acss.oboilmor.ox
Cnvnmk4EciGX0LMz,fire
51Is42BZaHgbyjdQ,Trankd targaned cusnoulel aud ley hure bnt dons
3emZWLUQJnEn36vt,my leires eseers asnrs or asumes orauy perso opersris whatsowrerthe nasien
ZK9abZDnNDfmWXcP,UMMOMAL
x0x2fiuoGZ0c8FXH,Mosaas
hODNCrSNFmubjdIb,wneonel adeslebrested
0qnr9jkLM3Q1FIxn,and
TokuOhC3LQattCcG,hall
QYpZdSjY3SR0VeDU,ousond
m8CXchEd7MjAOtcC,h sad 1soot te 2oth agrilb'lbsHte rnyhoud
yuNrlVKLlcO9lpEy,po
9pOWNLFWVE6YpI0Q,Kalsfis Bay euw yaroftffaoorwrumon
JXvDQG3KwYLhxojT,his bill biideh aneefom
pPrnLyf4giOVMhcL,eudhded andageed oiblucne t cael pateo thetu sad Nalt Morgan
vV1FYURMCoWB30o3,Horueyes alsoe oueor wne unser biin ko mneke ed cubslill aus ye
bpciKLkiOGc5Kjdk,poarrymreneyrommgpmomyromgygnoympny mnay
xbltczueeREOT1r2,
iozyUdXs24YEqgja,mplsmyand forns foael uttutsapwrpoos ashostsseii
L8bWR0rKcWWlEHPC,es anduines tovce wtout he lellhoubb deuelb eviccon
iL3MbCrOEjWNABLt,Meawes assn
acVQO5iPwVw8mMv3,ocutor
5OccY1thuHMonnxi,vad Ahesenls wil irorl
WD8hbF1crrLyt09f,CRaio
Fqf3irUQh9wZfVYo,LHeeadores ad'tnaud geut
OWzUr6NEjY3YVZGn,ozuhon
XoxyBGQZpYVdnjwW,Darcot
ijwP4qBPGVAlKA5B,X
UCrRfeeERnz97Dan,oesd
mgILnMFtKaLB35hU,wtou
VrPf3kTbKOYXTtJP,oult ixciff aud out of ltus jrowl biof oale all uayes reserred wle ltie
WmWzF6lNRPeVzNZO,
NlBOBfcGvDRoPRTj,
Lqp1XtUBGhUd1xqO,u shalb as ha beluhulb for thesa
vPPYuFLQSH1JCDtK,arte
1dZ7KBi8OyUlz5uH,hundred
7JSrigNVLppdQ5Ho,oeus orm
55NbGIVVPdzGZmfW,ishopp hrs hysan asianstox Cur
snfGJtHvWOkbb4YI,Mewwes o
8eJINnHts88CHgWW,vdeorced
lpRvSSp87iW3FEOP,
kzjHkM8AJlP3Xs1t,getand deee ruk Wo lyeng Jerisku tebrcy glty1658
0prQKJOOxlNE1owz,Sduce tth shall he
2cXiIw9eu3u7oQnm,rdestwell condionecly
7QGb002eI7z5qtIi,Ne
WSedRwUx50LfXyMX,S dehieid ni ti krouee
jhEZHlNvY9LJI6e6,Th.spln warans argilsn dofiu
R2eJMJB0xOPL2XRH,(Rrpasls.tillneisesn
oocBqbMTHbuJFEf1,
Mz64yedh1WyGmefQ,anes daneltor his certan
mtvWiWjdlBlzNodn,ches
RweNX3umYRCFqNS5,ewvenaul audbeul to save eud dleuel thu saud
SiwMin5HBUG1EMdA,
lZjt38FJOMij779v,snan.ronriu)anagsoyan
asYXwUZniVof9yPO,vevrmore
8hB8wQzaSMtvyxnt,
ew7GgsYRtMfsW7Cy,haue hueby
NIq9qq9YUM7ye6Bp,
NX744bpnegMcCMRT,osel
wS2VRJFFMZ9TMozs,66
vf4xeliNtRz6jh7Y,nra
ooUVnEoHLYJWDU0D,The eleanth of yay 1on5
CMpx3N7NQR8vPJtn,he ellen Veaoes
wqzPqv2ppsCNGwiL,
VSHrAVFZysd5XIW9,Shsroot
RzSn6EQy1DTpW6gy,1848
kqudPHhqTBQtCcj1,orBwolin
8y3NAp935k0u7KUu,deed oultboud blalacon or
MSvf5ysSBTMn3nUp,
74Rkylt18v6usAka,soessee
fH7IpSeltPK89Y6E,inheil
uG4gyWjNufHFDM55,CAAAAL
b1G2xPxSDBvFI5Kn,obnoon
o8pqnExg89VHyB5N,nideon
hmMbIbHGWjn3xh5n,M
4DFTvwqkB2eLT3bp,
ouxQdxt0kYKyUcJT,lollio
YTd0NrHcUe1te8n9,
KE362anQi9brmPtQ,sied ealed+delediwlheprsenee glu
bwKVVIPohi19YrWr,M ON
gIX5r3F8fqyQikb8,one gnndsTonethree oldnatchets.Onreold axes
kHylxVwHCVlKm3UV,psxvo ane
7FHOPHfsDBf6ZEtj,vth yi afywrences tall oherye conodilyes.
A5t0jyeaE7anmxc8,A
Zw0jrVn7VzStak0F,mcetrucis HeweAof te dland clBanbadosplat my hens ehers asuus
pWrOUWOn8lVNk4yj,Homas
MwELaF3pEhc0bKRs,laufull
L2IPpIStwQFlVRbT,on
GVoC0QJfKhKcFsN2,
p1IaR1B20RTULvGQ,TrtarggS.tauien'under my
nQCtISRtvoKZ4G8A,
7dH3VbsZhTRF94uB,Fo a xtiar Socsle to whom tha tents Jnslru& menl
4RqjsMg2AjBmhFDE,tagofapri nxh and zinrnoialoe onfumg
cMjRC8xxCWeKiHxz,lesewthre
sCYbqFtE5ytIsRYu,and sor ders qoodceuses andcousderacrus uslieut runeuge
dNDMkewOJ4owOa7m,Le
Dyt9UuHRdIsmfYNA,HtoHin wkola
tes4OChZGK5E30zk,
T8ftJyPYv0iQS18V,
lUMhpAMytVHcS6rZ,eeorr
7Rq4JzEjlI6IoKat,sctihtedrnbo Ahe Ad
yw712llpLuZVSw6L,ednnsJlead aus
mctn1udjoIYY1x8d,
cMV0yUuzN8VKMIHP,M
702F0eMWdRYNu2UV,33
OkvzTDVGSFe2GXGH,wh na
VGgGZXjbLYyEL32c,eneherinb oubteuy
TQGfLR45O0CZnxqY,Xinduyof Cneutauoro hlr wsupa
9t0beBn8iNuEnWFG,
iXpnSDdbFgVRuH0a,Phis bill oR sale aehnoleeged
vXFhjxy5Elej2pab,is asrel
ut58uPdIwEV0amqa,
5kFi0TVUAgqNmmh7,TherofshemMhere heres wceclors adnnisksorasignes
wPZiDXrb0TmnQTqs,dwe cvenanl andaggee lo aus wr jonethenfuines ofalados alooan
Po1wfI6VRSW3AAt7,discharge
6lax00r8v8VLyC1e,
c86nnhkklo3MuqJc,liduau
YLyQ5b2Rzf6QBLrh,Van
K4umY4iXi2obEjr5,DOS
FTCPos0CDsLACHVs,yatsBa tan and
FkpT2I6BeTwLxkHT,wrre
fqDKWuwqVZekK6Z3,Thue lpputonancos lothsseidfhurb Bual
6EeO5ROl3Gb9YAf8,eonntiug ou e soudfofnfotfpottisfoteJouty
RacYylK7G67FCOHE,
2TGciFYft1RJ3Dk5,Wllau fhlls deeeered aus norofughteusbvrbeafoesed mwestd
1b7lugSCyiOKJmmq,eete
HHdZIxIoS8HkxkgR,MNON
MNURyH2pmsXrbbNT,and
VMKc8djCE7SkK1ha,Tetes abutirg ujron she
MbgAZ6wguMUKukE7,
SYFuvRIv8aLvKWgt,cele as dehred nutpseuce
5NbeCdSZyB0H6yp0,oroontoaf
UzE1pqUxMvERztc7,or as
v716qZWLnWbvU1NB,dSnrttime
NRc7PytMYtNpvBPw,yynoy nnsots yoyy
pxVJjooKINRwegSh,rwt-out
vB81Nt5jbfJrqYuC,hsonkary
rVq21aDeZeP7aRDW,un.siemsn
oRxVhJu3kjMQfB0w,
jvfLQj6wt9PSQziM,lomen serscules accordg
YWyEgdzAuVBbksLk,"falnighh Go8,that ho wng profen"
N4QEtRt64ALFcFhh,Nk.oy Ihn hco
gFjcsIH2HzJdQtgG,Wee hrenseruriltu doe achiowlte mrselves kslaus
A11dEB3izsnTHT8w,HP
eqQHpmpurd5ghlCk,MO
2LgLvreKZHEBnwYe,ut13die
LbavDEMubdgFpiv9,
JQTFjmsn9dLVIdVu,
OY1h9srBAf4MQMvq,onszvoracons
IWzYVDhhIHeAeHkV,
P1bdShACyhJqESjn,suchqrods asavneniued as afouaid edeepi before etccptd rnl thu naeb
HudZ7iU6IrFELJWk,
nldTll8PjEggWe1D,
UeTpyZLZbbr5CMdt,
gfSAUvLw7xV0JZOT,Houlsurin
dqVFcEGNYV2PpCM7,38
YnPXRYqletsVGn0Y,fguy.i67s-hswimmChomey
7vtijqVMjkspbjoS,Samboll.his hoyros
gn4o7UEPi4SkOFZS,Ctah boargdriusand rarry away andthsfamSooton
x61qNubYbvb4EcV3,aes ley nerhi of shcelb
kpM67MJQOJ5F8Dno,
1XD7EifgiCgSzHga,cuougitotnrtRngsi ireerrredut fffeidrditsor
i7bEwtSxi0C4MHWv,NekssesoN N
rqIK6cLol5kw9mpn,
ovBEdGBPdthrxr8w,Suo eeb aton eslceets rlasngnnis ud gran qndensouuoe lenesl
27U0RhGDWuHJcsgs,or proesomontcnd aesoo shag hs shosaig
RL33dClGaflmqj4I,el eleened wtr wve
7GZ1fPVYD1UorhIJ,
GVMRRw5P3xChphZO,
ij4U4V6qzl8zE1fO,yo
EbTlwNNBg9hZsnu5,rie
EAH78GYbkMrS9isc,itle anutrest k aue parlo pell
cUeUcgis1sHXaxzM,
vwSDrtqohUmuhVI8,
bgVd1eFRblyMRujt,Atubbbourde
62w4Uqq6HDJKc80Z,
rgRBuzyADgvDXY8h,
xLFXXmU5IWYpja7A,ische
bhGDDXaopkuDXdSs,qued ideebd es dehvereel is prsue
LZcQs2AnoXDJyhm2,
DS6LQ5sw9FvKvNKx,
HFIc7CiaQib525o7,nek
YSwlGEJSovDmp0Z0,eoed
l04NvnxPd5yp15OY,seorge Pasfeild
lQmCQIxJqEeYQlLA,made comttedord
KOrOAyCeOY4XfzGV,hat ten He truscndsouuds oltotucce abockeeli
922fyKWVOj0piRFm,Mer
YgTh7pwQb028Xumu,
tVCX0urUAMPfmCn6,hoday mhyormom fonn mnyognd hn wmygmy
RsYERcai6whKScz5,Lnbgoblgh hom/hu
Yb9n6tH3kXWpBFIJ,said terme
rS74xD8FuLa3X2Uf,hentall eotow mooll1
Cb3Ce1pMHsJkjJ9u,GnditeAue perfonence
AXCBzpV4r41ZiVaI,rdir aur
w7QWdNwzmARUdnGv,oals hsssof ano
hJpm4uTMFqOQJDzJ,tte oc Jon arill li herieo Erceuts l assigus
bCasC3OjWA56zbim,Me
OBkKEYlyyKW2jnZ6,fHoprsfoulrisrrorer wtowof wooandiHorof ismowrsaug
RNcQi1G6pEFlDb2k,
9K6NnVA4k9gUBZuQ,
9OntCydRRH038Iln,uidtinbevndofwoodbanvntocwood ou toscid Sleyfciroi orfarter
M7Uu2McL5UKt3teW,
XTv6wXXJePdHnxIm,onverieu storensuse
9BKOdStw5jHMZIBa,rmadute ardober
Atk87owDbasfkNgX,
72ub9nLjW0T0z7et,dalenine allaudevey irttug oelbhugpwhon weh
2Ka0JePDdd3miFSz,urtesncncis
ssQSPmbHgGmApkSW,FsurPnoiros Ho ruortou to+kigttRovis fo iggom
tNKegMSjTH0wACVO,Vungny
N24hTAqPMFahzLmV,
mo4WmRhOOI4ZGnIr,ome
XlvBkU6EnNBYrmRX,armsloss
TlAiuect11Kry8hF,Nvilliem
eGQgzKJeP18s5goY,nolve ord ealled
fpCCURZhSWRGGAWj,
atbDgqzZLCOTgqUF,ll
uNpkKOERf8xbVM4Y,he execulrs asnslralts arrd esslul
yLS2xCPwAl4NqmmK,henall sunme
o4xKxTst8TkKOtET,mlo thi sad bapigeor
2UUoiAOesot3dSQ5,pounSf.xt
BaFLJnpQsdGmU0Zm,
JrZDCLuTqeOYCAFu,
gSRiLOj8cDjjmcYn,GaidnesB8
my726KxTj4xuICUV,whoxtn lhssamsis
j9U67QUbLrtV0CZ1,1900
Kgh9WpxLRT5MA0zT,
Vm7Q6GOmR4tJ01PK,cituat
Ox1UmDPioFzAcres,
fQt5V9uSMYrx8AJW,N.esll fhrsgfoo
qYsvuhfAAGjKFO4X,Toluecoe orIndigoe uceorduge
19fRhOwWMgnlBItl,eefthefaid
OXn3RB1gnI1S4VXB,
0ZJN2k63k8UR5qaa,Srounto lslongmg oranportaynms
MC84HWMLOKxgPqws,
rHz4HLN7NmBX8UZc,
OFGbN8zruZJoErUr,Veis prsens yratrge
zXkX8VUcpGx60IJz,Hresard anroin
3fZdCKHppqZVlS7P,cnd seiully eoveel pniss lrcl cudagreellalthesae
urs7W2cCW86HTLRA,lend wh all growigeo beng there
nExxVYFIxY2suETS,d cAccruoing oz nhat
7O9LgsGDVShMlSRM,Johr Bayts
SE5lrkQlE2R5Ps4U,rangoably haro fol hsir hanetaro foaly Mogayey
hVXWhHlTd5anQ66r,
In6yamaGE4Xz6sD6,RchardMsatonarrd homas blarr
pJSGHl1rvUiDN1Sd,datwlt Itse beseus tell tshallhal
WVnhzb1mQF9PGUef,under
51DTjBlUH9PrNZ6I,cutd 1sH
1BqabeKeQX2P7V6u,oigtip
74KPONu3OujCeECO,Moess
DPEGR3Rb92xvQ6Ni,anary
VxpU98eVlkxkV3Xz,
Rrl3pBVpCqUQnDpI,
E3Hve79LWyfaAO6r,mdou
3sz3PDoHz1Y3vyMa,td eo WoersMis nirls coceeuos Cdmrs
KXrEqMnOtXEyS8HI,xnf oul ofths boafo inl ths M
sMtwgKGnjQEo2gw2,ni auy urse blugug aaffolyug to hae aud b hotd allr owiguler ye afoves Gqauiecl
zhnZPQHD8R33IjVL,over Cisd
Mkb5YDv17DtS2hY9,Lowe
9vGFVwoDexBXsgu4,
IxDaXOGyUl4bN2xX,eoueerneuy
pketN5vICdibE5Rd,am
tIxkydO4Wj0UpvsP,vayoy odmoenoSasShaleboo raouablyroqwrdggre
R7FWnEsXrMyzy8aC,ranryawoyaudasposrfaronytintortmusfronaugaftv'Hs
qOGvAQ1qwfagTZFp,
ksDFdORDxgHS7zig,
KzTOAshzb9ukZ8ND,Lovevewey th letl b
xejKRSrtgYtMXkvn,eASsLqnAs
OTSXjEyKuRG4JFd8,nns
drXzeIElm51q0y1a,Huese pulk Havegrw graute vurguned
iu5vQ2tjqvJYBzDl,eouboi AdmiriArato
pM7YTIjlfZIbRnLy,
uvHFuxiSswjKzgve,qned aus dehvered nttepeseuee
gxlBqs9wRQGVOjM5,"DeeeaiewB,"
V4i3erXY2Av7YGr0,mhursa
r3kzwl4D0qjJB1Ry,uowe yye yt
8Fmenf2NXZD5sKph,Cjsehion.obshsstgsrolt
fodrt1WJWI62fZTJ,narch
qKrzkt1xutbC2F4a,
sKNIHFHiLJGFjDxt,nesaid and
2Ch12a3fsE3IlqZD,Suy:Mogcoos
QBIdQtcIWw7b6MW5,XML
Z6pSLzSNJCt7GyKt,ere nervcres
IiyM82hgznnhKsl3,ho ownepp lenefilt sueefrom
cGi8g0iraD1XQyBs,
uGSrSZjDBHA2fPZl,"Hollowell,"
E8hw9Y6DA60PTYVz,
f0A4hGIcHgKaq7JQ,
uXahRvvzUKN9b1lm,ueeoverra
Zaf6ddUcLdH0MLpe,
dpCnRq1gzEIg7j5D,peceafles
Uhhw3YQkiojJjllJ,
iL8J86HpijbZRWgi,
oVnnxgcqa6LAhrPL,Leunes
dJDRZtUbzq0aVnLe,hele ht loAilb Qs huter k
7S518xIuCrNe9Wfd,Fo all nhian neoh towhome Wis hesenl
r4mlsqSCqfFwLxwX,ony ebpl
Cw8GtsPT0zAZ7pY2,
FzxDIA0BfcSPdcb4,
PbzKB8660JdeIyTC,Hlslad ofBirlados pieuer sndeth
9aJ8BZf7KNn8eqTx,coHonwooll as a ded
Zk7VpHlJkvJB9DoZ,ntr Q1odie
ARpa56AcabjYx10H,Malldoe rlbewre
nHb3j9bREzfjpLzR,
rftfG6nZjIuzLOW1,Crse
AGJSI3PRJAWec7WH,againct all Mers ons
Ql3OxzSnD10FQVng,
NQbsNwD73PC6Blu2,hootohmp yrnw sry yeemwppynyMe own
QpKsaF13fWCpQsor,d dhred nltprue
RBOsSN8752gfZ1gf,ver
5k8A0htXu4tnTZdC,eskers aus ed msrs l tt penall soueo
YjpQXPO4PiryJFil,pue pey.osnnypeypyypo roy ams
rFAa2KA0S0bPB418,nschan
h3MoGH1SV6NP3x9m,neios aforosaii
9IqARB5GNJQUuMo0,hofths and Lomodities Wneeunto lelonging
zQtO8klRd2LqCcvq,UCAO
xuMBOp6cWNLm2IsY,Nes ocosbegne
81vwmkBCNMjr31PO,
pVcUeRzi9nr9hKaP,
dUZL8wpBWDOQEO53,MeN
LSa47YGDGTUHqt2o,
RpF6LjoDOqDqQa5Z,saueb hcue au b hould oecuse auseuyoyeholnlio heneseges asusts or aslues
4GprGrMjRSSBFUtI,resent wrsen
bjz8XDwvqCwmZTXN,ardeSgalosinttr
p2adDuZhqx8PeZHo,aide
zmntcSQlQNnFH7gU,doft eflleeforlri
2FQY1OB7TWqI3qXz,myom ssng po ury nwnyy y yms
BuYiprPfpJMMUMsX,wssis
ahHQrLHat4Ziu6p3,sesd
2eSl3HNp5q6GkIa6,
WdcgOY1Dbh72kCDa,
shBsU74RrHuN4xKP,ster foi hinsely his heureo Esrs Caurstassynes
tUWBqSZrLmOzQ19M,unllato upow Mhelatdayflun ni a onethouoal snehurrdre
HQ9Yj6u1ZqOHdvSD,hsmunfoth
LzO6YLPcno5mC3pz,nese
LFOBCS78FUA0kjGi,smellpot od
axdjwQsKEkRW7OoT,idihSourry
GaXcrfDTithUvvp8,
AlxU3viwDAfwbTT6,noto
69wtHsTCn6HwCW0F,and
sE5s8WKQjZKU67Cv,Thio tseulne inadth xxri ofHoieubereto rin the nufeteeuh neouofthe
hSIzoKMqwqg0nUXJ,te oaue elelawd
zIewFQVLbo4MlXpx,gonomd onp prrMybmcy Mmmrnn
yNwwTjHXzl6UbMPl,tere ofyeanestiey
SRTdky9OaZf0jE7M,k dept ltis sland
33UUU1NLhuhZ9tVg,Exreitors ans
BOUXj6iFCDDnn8eA,N MyWMD M MmnN
dFwgBDVr4ZUHAOEm,hagi mmadg don o commted o hgreafter
sDv5SOS4LXJpxQGY,Srdnon
0ywPYWQA23Hs80Xe,ename orNamos he same be fallod orRnonn l
AfyziagAuw5uUCRG,annrlenaues whelsoeverlo t sad hnsred aeesofleud
dKrQOkQZYnQgx6KA,Rege paenrs eal
pVgXk1ZQ54nguvvO,
pperXBuR7KfhQABx,xersasuuls ard asnfues
gGBAgDQUK0qwqLfX,5behad the latofslune swcleene
5pn2VHjii2irccuo,soiuwell
TUr9y9pDkhAl4U9z,Jehard
J4SvuwgRzKUnkTsc,oars liksnrfo abouo
a9ALiKAuyI7v2hj0,em
GbhVQDlYl1zcfA4T,"orsott,one tateboar"
qDD2oXsN9qpQe05Q,0paid Richard Newlol
B46VPHzOQXczPDot,and
JoLoaeTOdoe5c3ve,
k2H9BCkGFEqFYIy6,
1o1fOWEWpcoolqLY,good
1vn3Fex5wEphbwla,Hihess m
96h1x8Ngbod0aigu,Rtat lgy Thorp askdo
IQMKHtjbbol8y8Zv,
itXHlTCt3SynVYui,otocuy partor peroof koaBougais fargainod grouifos staee an
v5OKo8WdXJ5j99Yl,asanatallny tars
p58HiQ5JWb10s0a5,
3BYU7VWdZgJy8U7R,eseeulos adni
IXifTv5f5EXvbU7F,as
XjEmKAVf95uM2CB8,
nM7Uza2siqbI9fDs,
zc4rIwoglmqP6qnv,the
B5rJe4fcve8XkKOU,
ADmpCqyg1i2fQu1E,
BAu316eOn2Ar0sPk,hul18 di
BRlGVmrAmmZtRHIM,heeces f tlbin /lible B writing Sovhes/malBot wilt
NzLhww2DNl0RTZt6,
0orOOw03WW9OTxEp,
gce4p1JQiCled3Wu,Bhiist
WxGJgupDhrCpjgds,oNernreeestwries
pQprI0Y6VdW8oK2Z,Baluds kallslehain perple ko whnnttu pnt shalleme getiye mour
0WcWUCInBgV1PWpt,fleve duuse
SDRwtOeITUjpYBIG,yrepppwow Hsqinysnyr Bw
HZUrL4Jfh9HQt3ZB,Lobh ooper
1XfvSly9zx0vK2er,
BcyzZDMXNHAsLeix,
fa3UH8zgZ7yX060q,Jove
AtTdPWkSx7s40lBc,anddoluury
MHZTLv5eYhhxFI5D,all ane efngntdr Mh prmyfy wilh insir
2JromFMUFBB82kFQ,skers asushs
NnpEVX80vZVynzl0,jpanled and sould hiom
k5gFmMjN6v8D7QJ1,cel asreulayes wtsosr eeh now are lereeftt shall ho m alupon
CRh0AyMJVsgA6y9g,conroditie
akF8wHHY0UqkxiVX,tuir
MYeqM6TGBcLVN4u0,oudow m wh silhe Jealloive Miicnaei Castn Nth
DyDYB4NNgvP8RYbD,
rLCsCJDdBCPOQyss,Mhsfei
ZRSUoM3yHulCOae3,zeeo:yreteue
RzSuwJYATGT7SeOK,
JCf67Jruknx0QrV5,hnsred
TzmZGQwO2YZ8z49Y,muer C a
aKGQO4YP15A1mzDH,
JtjqXHE7PQkKIdQk,
vsRXWvWYDsKGHTOo,nanid
iR5t1pHBsKdJe6cG,Mm
vTuWmSJZaxmVzvNO,Dailamosnsular
5doDnoFTJXrdyRTe,To all bhnctian people to whome there preont
PpQEV1bgqRUb4NwT,twteu tairtstyowro'fhisafrss
ewvmt7GkagjVTJrd,cetied
odVih9STjyUbS9Bx,M
521Zvhc8Ddk7KB0U,Wneakes hio hwrs greo asmto und asyis loree hndprhnnne lth ohrs
3gv0CwP8Q3i5lNud,andovoreplsontandSan Shs
bizMXTvECxiS6BAJ,
lsm936UbQfEytAYr,edusehe
n41hBVrwRQMHj75q,spannish deather fbooles.+spures
g3stqtASZxFtHeZs,
lyBrG2tNPgHPzgty,remehis s4ofe
MyC7cBaxxJPgE3o0,
sigJLhVtiQBMoEAU,
OLTEKLa7ovZW3MDg,mates
obahhnesBt1tlfsp,ano-
1nzgFYbAeF9OenRA,ae seevsu acrs ad al
cEUXGcBHzEZZS0gC,
TmR8M3EyTpvkNsAe,norB
Zd5zAeuS4twN3GvG,svamg
c1OFprS2BcRpgAgo,
KFHUOFFZl4NoTsma,esus
4WIMUkkKOc3zq0gM,areol
nFsnJ4OFpsudu9kh,toth
McBP86Db6Ue9vRgl,Msesse
8pX52OJI5t4U3Ave,abovt nrtr
QFUEX2KfDtne6iQt,hove
dNW0BfRW5TCaVRfu,ih whchbianluhn tletely
byJmrXlAbxmp3HIk,"and oduantoges,ttResaid lon be"
kAP744EEPmW9susP,pad ar lt duy arenecoued tet Hey shal
WoXZ6UYpg54lU5yW,lly aidellelualy as tlue
15gGUNhshYgFmMmX,oallghain pepl townmtheue prnuk shall cone Joln Tannerok ttewlondo
LfbGAWTdsmfEfx6v,sed sealescnd oleliveeel nrshepseue
ubNuWFXRs0qoamtO,Bent.
MC4nLZH8Vjr1TvOR,
7WlnAQkE6oodGQKa,
OI6ZiHyocrb61iMB,
YyXllz6GRNEumfeV,810us8
TApu5dlcadQVunsE,bsct
PzlsOc4M7ASOs1Ny,mme
iClGB9vgI6hsXSic,outorsaud ssehsred
NokGg6Y1z3BvYVfF,
Eb1qyuyIKyLG5E7b,
opDwjrm74UWhcZQA,h sa dxxr tire to hhwi allsuch lasinge an
cMC9kR74WH5olex1,coeecuts bo baptfohw Steell deceased lorand ri eouslebracon
ToKAwatPMykDmi2k,eres Crecrs
Bg9paZID0m86aI6K,n
sMbHi4taton2ubX0,Reep lrarrnlesse
jOblj0VQpkGVSImE,seud
ekBrAtEYexq8pUOF,gronlis andagpeent aborrite wtueii whut thuaborenaned WnPhlipps howe
DFlEV3PWIZgcxbN5,oesysones
eYtIDzLApNpJkEye,ear
xrke6aylMX3rPfKn,
WH1seRr5kdj4sHtm,twos agrssBohvoon
7GgPAzcjY56HX6qO,
dOTZQ4HsAz4RSJ3t,turg tusadRiehard
QOG2yyNniEW9ITqg,cowdscnw
otVJnhxU0YjcpSCP,namuckoes.one canvash
vYAQ2FhjvxLov5b7,ames
ZMbGQqENZ81IUcUg,
hMdKnDx1CWDa12C1,
kBF5EofZMXliCPyR,
J1D4psT3bffqNZMF,bu63nguy
FbnhJavmQZ3XmMzk,elt
e2XrCfwLagg5kuai,Gotnosng Hhsninth
3eKfiYHtghFodMIv,
rTbXQrcrU7yvQxgf,Jor alole of dherilto k she slorehouse
xF1aTKb8UdeOzo7T,
vnv40Oq0lvOT90Bi,n hehr ane t
RgC1xAoKqLa8q0yu,asal
qrEhcydYzdBD9PpF,
xYmeMHrXedQvbCuY,crcfsiguos foroursuiy c butiee Ho fuee Cgarg Tornoof
AfrULMQWdY4R207N,
eZ8K5NS1WZcwe8AM,
g0xyNgrB8RgyR8te,
umQeiAbxuS2Ftdi6,tas
swVhCoyuJxscuUKe,nattiutussfofut yoworSust Rignrawfeuferolutforiry
fkLVLXBtkzco91pA,vetrrge N
p1uHuXV9yOzs83zV,tnss myheu aiseal
h4tpGDZBEnJPtphX,rfcnttrrtfwffs8tR
64qUUxr6ig0JwRsx,destl doe aes
gcYQGLdEh6qcetQa,aymnge cry rght til
VuKEPOjl7rjiHrWI,Wih'wyhaudale tus btt oy fdeulr ao w 1bt
AqyPFKMEclrzjNMR,ard
LxCkJ64x0X4FvOTK,
EEx7wKwCYpV6WYus,
HBVE8TrgzoFXficz,diseharged
o1YG0U9btnFqfOkB,
mzlMrHMFHBgRdPp9,lo walher
Kyj3tkAwDHXNWZBZ,wrltnes ourharrdehs 1
wysgJqXKm0CIQ25s,ae
gBzw1QL3utv8t7Up,s toiroyand
NUwdIzDjUjAQOBlI,athoru his wifs kms withn Vauo sonas
L58Qisgx7iG9BptJ,Mam
4cyrK32RpExNYass,sfownksy &nletus
uRZg77qeRotmb5Cz,
DgpBJt9XgaemjQGY,
15tNBocSL6yAz3CW,ens(
bBULwtEmuB66qiZC,mnanemiomon
ORoApKjBt6MvCIin,
XjDvKAcJ6OILWvJy,essona
h0Hx8gW7g0huVBE5,asron
z76qtf70Wptn34k6,lsell enukrne es deliverHe nvyehe or oue
hPSlK2tA5qcpegIj,
k3Ludj3zsGc0gBrs,atouuyes dkoe oueor nore uder liun
nRJwPrEJWCW3SlAH,osonts shallcons
bSfxx9sqNscO1YNS,
XIxVoy1WiAJKcrSD,slaouds Deo
6PKBkMerw8LFCpAy,
1jJ8UMHBhXspthdp,wmeMe
wZIAWLoJd1y0HA9I,tsa
UfdjyjoCbxcyYDRs,+ nuyhaudafoals tis ieth.Seyfcrerieet6y
2FoTCZS86hgkiiV8,nereunt moveriqehave gnr grarrledNarganedtsold
FfnztA46TmvfV7tu,aaluablolnfieoze
R76mFVmpVp3qnom1,h aeudlh
J9LRgpWJPYitKACf,auereilt orttle teeuk
Vwtp8ezOoKeuGtAr,
nyWzi6CfnSwGUMzK,
PofHNMxLpe0fUBRL,
SJ7RMMQYKiEvfSFv,an
bhpUnYkbW4pr8ZqL,Bell
jb081d54URHsG6ri,adnirs
mKiOby0TYbri3Lsj,
ZZQlx47hYkbFntzO,acehedule doh ahha with prnussess lh seud Hoen Hlln Hi
QLFUZZ0SpshJwTuK,wldou the bet hindance
V55tN4InAFHqNapi,gyastomorksmgmonane
SPgftpfVdDvo3MG3,Phs.Samtnithal
K7adREd0gFJVxbUl,his hiirs
wZexGxbex9mRaeCo,
j7BtndlN2EcIeoYF,inod romiyMhaggurlnts loygsn Bromyhihoiro
oA3cnDAIVegRJCTi,am
UJ6Fyqg6lAg5nQ3K,Satisfaronofsiv sriniorodans EignnrnpoomdsViutnshieru
pXkaiup719W4qkpI,sais
Ke1qYYr9BwtHqada,BrsrCuls
HvrcCadJqWfvKTf8,igarJireoutozltproportyrlen
Xf2WjCJKyMvf9ZNP,Ned
5P3sPZybLgihb42q,
f5dCzCDVCZXI2A9C,
hrcwZC22D87dix8V,
4oW757GgABXr9KzL,ygofan1bbqg nb nsadatonn
YF9X2xNrRsPp8s1G,ngtnci whatsoare
gCVc8yDKYPrKcFIB,amd/
KKXWTEqiwUs7kOLP,
S85S7ZRxRttXtJ2t,pan
D5sRIkeC8wLtO9BS,foeas plaulr lo ekeerasnnho wanes koruee the sad Hu shulips ardmg
Nwtv0mTWQZIf7WWD,iansssleeklee weis det Mr Tonbro
D28BpdL7EDoLP0GU,sipty cnd fowrandi
rTkMSz6oYAqe4lkZ,aohams
AcK3oVjbqJ7LLUAs,Babados snn alb mu hyt puk tat Hulres oft tland putr doe
5oF43qJZVZUwU6Vj,For cus ir ouypozciou of Horoisens
DKOOliqFzP47JBCc,otano
jmvoyK1pFJP8RvqW,sad Wngee ho hees orangnes ues myhad ths thee aus tit day
KgRK3LcGjeQnmuz9,aet
O7aCNAAg7HBKvEjW,
mq4nbqN0IlbYD2ca,menn&r
AenHyvr2SLB7zdk6,mstsnenco
djhZbZbYckFHBtQN,Barbados (lo allCpian Seope h wnom Hhis
oFaaXI35CFExeNdW,and atlarg
84F4pQlOAx0inqOB,awcoili ar shorrs
mGTRDrmajCe0zMZp,twwduess whvrf L haehreunt oeduy hand aw xal date ho
46aveAzBcTIZh2ln,coanant
3dpVczCoInW3XdiG,Babes ltllus opouladrolenr olthenbne
lvQwexfEZW8L3WCS,Songhl s ahiyfools in broadiR auafnssuid n
yZ3MOApVC6tMg4Zj,eag SuunoefRot aud Jas fofo toir noroscg aflignoraugsuorftho
JTzxxb8PFHq9y82J,Westeore
OLNzhhW11ECHuZrx,can neonle
KhbOx2PBUYnY5ULP,hO thnh
ZdWqtrewB211XyRp,
meHIC2X90lFF3K8A,
U7LSnA46aSv9MBlS,S
EZnmQEEEnglyJOOI,eepe
LgcnVmASIXkMynwn,meanres.assin
7kbhj3OMwnfJ6uab,Shis day anarid beforme boinilius Bryant and
XZC2JW76PJyswv1x,x 0sconbym-4h.
lgDYH0XMt2aQRyNX,nsas9
bz85EFygPcBWOUx0,PlreM
8whDhLDjVvelPn36,cuwotas Hofarroos yslaswo Wirdwardfgnerdeloon 9oae
vW4yrW81Aq1fEbVI,argreere
aEiaeNC2bJsiIEq1,
NNgWeQWHXFYDmsQF,Joineiarie bro ausi'ttsoleleuth yeae'oftheregie fous
yhmnCe5QIstqLdU9,
VFyiB2nMn0sURmAl,Reale audasny Deed k deher ausoue atonyor mnore wde
asALbOgCqNQvmG1O,awf
xKtIOnYzb5Kb44eA,n&
09u7wY7A3tC57meP,Hg.ath
QEbyZCRRweBNShpK,monn
wTYMo71CDDwz5LgN,ClHile
xDeAtzW0QHigXTa1,said tohn Saige thi sami himisnrs to shi sard fohn
AMiKyBlFOIS6P7lJ,o doherthereuilh
JkqH3MB9n7IWUSmT,
Wd1XX89oQ8UkE8n9,kolduns oleeei
Oe6rOAaBAVVLyhUb,cug absoluttajsuwng Surouahrug cus roubogugfhogoronifoowittocr
5lNKtzJ1atsnBYLM,tleoehurganid pensssiypal cspeelltee t hi tisas
h7fwVXHgOy1jnewp,1whomh
Vi5E9Eb8QiBdVtKD,
S7gyRUzJUr2AtYSI,101
OMxuf8T4JqUiA5Ns,oruarrtaud
Wt1rQEyS4dTLq0Jn,Muesmnyhand andsae shis8uofAugust AinoHoui 1by
o5qhInNVMTWw9vOE,
F1fisvUwngkS135M,k sek aud duskule ls all
fKUyLnLuCJFwZldE,
yyNLgR7PiUIu92Vz,tonoyttishoprolsntstef
prAAbCuy8KMMqsL4,
MoYaJxmA4JBzpkTV,wtchangabysetthenhane as neales h dy asyearefri abovewulten
Ot8ighVGEtTLPbbr,Sranriifham
zZTlJHYkBeDnqSyc,
zdpPXdraMXUYnrAR,
wuRkfzR3QxaXvIC7,delaned
QTgEFV12KmioGiZ8,and
ZMZG2thADps1DH8O,consmnenrrl
MARpbsrGn42YAdJX,thereon brilt wtl alloller trofit
xC9unHtYG4OegfuT,
T72grVtaadVUrcYC,
fcbzOM6P0CEsdaMS,
d00R3BVGH2lGxRSc,allueier ofaccous sili
tfy2VxeJwOVqIpLB,
hsUdV4mHZGspYyBS,squee dxbd auddelerediu te nseceo
xobu7g1TPvYjics6,Vowmes
m7jZdNjlu3rxcZJ8,
bKIWV7uLhMJfCWtF,
HXKmWxKBFOLZlZ84,ttnocles
A9BGBZ47Ix0I1Vrn,
wmuwMPbXtkwN0ZCN,mor esbce
vQRJKG75DR70mdFX,reles
sd5J9jmgaeEfSChM,
XJDQgQ2vWHqeYxBP,wwuer
B3UyggEWDRj1Mrka,
c3uXzbmQU7xzCM13,meenonas heNachser.holar
wtkDIlWbCZNDLKSB,Anowhdeed deleed asobliged hiuselle ui tpiuully of
PzcdUej0BA3s2yO0,ftniehon Soeouty elrrog or trreboits to
WlJbvcpqvxoJVHlG,
cgMBwUYuBMGhy5Km,nenen
Xll82lhMavpn7OPQ,aus as iriiushalos inthe peralltoneof solteuitiosas found
UzW3AQiMiwbJZfV3,0
HynOjJeaR6QFQVWa,
uB2ArhRHDFxHWc4U,andsukad
Fypu9Ug43sGDqL2E,monw CAncwnox&e
uA9wHIaS1qpsfzRV,mnfulleu witt tienflt ttial way o shellhereefler crseTohae ans k houlo
dtU3kxkIRryuG7bB,
95g5q6tMtlKBR4uZ,ue
jr1bvyOI1kKMylMh,woesers adsush aird asubies
oFqvYwXcX4Jr5j2S,heenk sillmy hand and salthe ucond day'of Noveube ni th eghleh
Ng60Uy50i5tre9bA,hansss hs hoyry
t7ze61PEy9EMQlKT,heueneernlo setour heuds cudieales Hu tal
x57Y3c5wnRpQgwXJ,
9kaj4aq28JFf4b1o,
xKgBgXhGBnIxvJJf,
spyui2W5StcwwoSW,srtificate
SsUMZI4AqEJBY46G,1oyccs
DuhMyELYl4KAbvHB,
w0j0C7Ieb77xuPHQ,onrcrel be rnade as doue
EptOJOXudVpa0Ul3,Monisetusshri
LDnOCjvpYaohuIry,Cenomy
b4Yi2rwLsdGwYMOo,sallxnian
YmeS19PzytE3K1xO,rneAneoad cM
MErPDRSPQ37vOo3M,wmssl
SvXxXpqawYbRH81M,
f8wxH47w7Ko3L5Qk,Bius clngin (ho'Sooeon tfworrithyoor
O0zeLKdBQ9ipsq2u,
f87j9oDxpalJ6rKC,"Rrocwrencukt, adoou"
dOvrIxC7shEi4Veu,wies hones isrs adro t ass
JPSW8dfhKxaNl2D4,48.arrdAneo
sMvBhRj91emEFpay,
jwGaXRpdR1vBMVaB,have and hhould the alosd lend oind ecypt aud fcll Hul wrlha
E8IcGwz3RXlDhSHD,
EssFfWBpNjUGlprX,Arteleso
xYBEndn3b8WRBrqO,
hMiHsvUxZS3ixKEe,noue
hYJVlMLgjA8N25Mr,
anS5Lharwi8c4nBc,
TIp0Jzc6m8LdnBFs,ssiliamDauise
kgD4Y6cFo6aOoSoD,nereofue have hereunlo sett our hand
XLMb1ZcLXoEIeqRB,opies o
1V65QKQ1bg5tc4vB,his ncyss and pegeesa
nGqi7w4e4pxskC1I,
carfcUWJrCMZhox4,
F155sXZoMZwoOmNq,mmnse
Xtv1ilExMqiyFoZi,
NxZR8SZ84em54Dff,euded
iXSdabgmiCH8MkIQ,
JgIMncrZ5zQhy8pJ,Nills mwg hiirs Cocecutors t admro o ain
wNVbgE3CNeujOtr0,
xK7qkeNpFKWm6gnW,nore
zFGrjXDghqFFoO8i,
bULwSPh7raudVeJg,"Beid,Etwar Siulstou aisWillieue"
9X8C7jkXPHLi70aY,
WbtlTp3iF2uHIJf3,tll Htetgofe
4C5nfv7pNhfZqYMI,hat oirhlar
rojv5zQifUyH9RN3,prmsses wehude orrhiesourestals
P8ovS8revI48MWlN,
nDGewLeuFMdJLtxG,
0sDkBsN6dSH5jD1P,rrisb
bel2sZw2Dg9If6xJ,shiisally lr and sn Consdirahim ol a talluabl
rpoCRbEWQYS1pyEf,non
c00t1LtFJVDobYaj,eee
JRIKEEJ2kGdzqFLy,Tohare aud tohvld to ttsad lio hereo and asnhes fovever
3332BLdf2qNC6ffb,r slalleu dtiliateng
gCzrW8fFkBHcIaHg,nias lbartoli
kfKbYWoscroIskXD,ell mnk lte naid s
hvNUrsBpooNMKWr7,wiinge f cnd coueniq all and einnlarlhur lends cerrauk good
Ry5cShMNVLhX06VB,Deft Wf+sheplfo paycharges
UcMlIrzDkU0adDmr,
gF6UADzi73k24Ccj,puf lhot han
5kFsAkg2nntxK4Tw,
ZM8Okq7otX3owqHz,alleld
zyowBuT1sfH7bkO2,limeo
2MVN1Ufx3mdqruda,ubos cdninistaros and
UdE5CPd1tOOxv9nb,fams haib6ss
M3M3coC6hSMhjCwM,dJoaph (hdpmdn Fagameen all Wdyos Wates4
UVu6wa0r5HN6jSzC,
gWy110rXUX1cmt8n,Hnowe allnenby shespsenls shalIMillanie
qFflqzmowPOfvCWg,ryhmshesaid
gkLUCeNJIrcX1JM4,
p7LcigY2ONyXkb4F,nerease
lQYcAI95P6ksmkom,vanini
S7OuVZxAFBMuM6DN,"to88,0"
Zisd4xdC04UA61qQ,
BrJqikL2qavDT7jc,
tPl5jCAo2Oty09bg,avgcrwecl
vQV7HWC7pm7NVUnc,eon due
DcZFPjycVkDuEUGM,FRo Jsfang aforos
EgWN17YT5B7hRLLO,
KVXXFJGhKhrXI0xI,noRuchardbcudey kor the terne ttey have bo seve
tYrLdwGetDCcdx1s,ebanticn wdstle cad Rderthes hawe lotl lorgltl
q9RT7SzsIss2KqgW,bave auerclrcugeab
SM20g2b4LTyOgKWz,
tWpSZxUWaKr15ux9,hoirop
C4SFhbOMZpTktJaJ,werdantng showeyeehets Harae Taulllhile lorardhuall
K5v8nXaRCkE7UEiH,xonPofl
96an7m9VhVWE6pSM,st dceyes pluuler eedeth greehugmour dord lnd ielashug suwe yeetheth
x74YInHwfZBouFHe,reaion
qXad4owzobm56kGj,ftRguignf our eovrruqntforoeraresfwfronm
LC7t48fA0my4wBSc,
LndYcx3ileRtqkP3,Xo88
FPk3HElE5yaQ8evo,Mh
F2FIZaM4FpnLQEDA,fwellclered cotlou toutte fieth aud stouetrthhuepoy
PkrWMEQ7lyuvW4De,
LdjuD4SiwkdrxAO6,
GO49cIVF8M8RNgVN,Hessny
KcoMDN6MD66RRH3n,nelem
wve2Vi6zOVEPBqOq,Phothewes
byHetRR2JOtZKNOh,
kr0ZKsTx1hbtAOiu,
B1dcrNbk7frssf8Z,wN Nhe sean
whkHkDARnBtpf2uN,
3X0isDj12J76Apn0,Mww
d8woPeX9PcWb8pm1,danlir
vcsN16Cl5pzANsRz,nedlealed
JP9S0Ib3ZtMFcqAr,Fompritaion
qxkpFI6XYantynZm,
WEXnPXndNLdYcPTc,and assianis
la9kpwecjZx5PZvw,
JPuVzWwX0l2F2fvw,
wm4M9eIcloIsJCAf,fet Asu ansins
IdQSTJXDxzO9pqVs,Mlin
GG9HzzxNtIeSIjDl,hHhe
cXLEK9Fv9XyGTYql,Dhdcnil matheanBhihy kayficeo
zPZ7BDPjBs8fGCNp,Haso
5wRYTvMOk7GSNFrI,Mridael omolestacow of ne Ahe ed Mn
TaobNW5htpVBWpNf,
QnEyR9t7ukOUcV7J,
QwEzG6p674ihbkfK,
GFTUj76mYVZJ0w2H,
sTq6GUVj8pFpOmCK,miniokr sehale
dRrZWgFiIjaEAkmG,
OhHtHgXOMEoQCt0h,Ner
93EADwftMCwmtfeu,nirsun
ZzumkDpuSQTvZhsN,
XSLlriCKpqyIRi2P,ntoinol
WvmfZUU5ghjpQwKb,coucernin
k04ROPaoST3scpdh,euehvreub rett my hand ausseal ttio tutk duy of'ayut ioy
bzKsaN1ybaouBjq2,
VuCtBKzWAaW8zd9A,Haes ans dinugllllfowls terenubbelonnuge aus uthurd
6fQCFBATBvdwlQEP,hattarnell
d4ns4lm1Ak7QVic2,Inow all mer by1heoe
HPq1KE5sLNCNMduk,
bzXoCxEKgPtvjZOf,dotesk
aJcHi1bpNhDdOWZl,our fod on thousand siy hundsd
XF8jrspPCTA8suye,
iiqix4WFECXlDDqx,Shs Sais Hua ofs sais shyp ovaNsa. nd alan) snguhs
cqrUsf5t5rViN7qX,gHanfSerbeitoseurtuy abouuouy uneu HeSeuw
XKqPnXKANObF4OIs,oullbhusian pcsplh wlnehis puirnlig shellconee Mhg Thoneswuthio an
LIj60i6RTUACoRZg,touscus puruds of
3eaUaVZv36NejLO9,
PYzSjJ0f0nCkhW63,as
gJPJgkjtYXyyh7q4,iguso Boprosontoth
I4xHG6r1kq608E9Z,
p1O7n8ORK56SStmh,
S53fuvLquZQdhhNi,tobucese nrowvu tleplatacou d olalb Ruel tobaceoe thot
lWzMjuY8xKyzt2Cl,
61Vv8PJSurRjgRG2,anees a
RKApfojrRdQ3U7rL,aM
xbJeM5Taa11W0vAX,grant
bBErv8GtFUzd8LtZ,Nrere
aHHKXXKfhqhzZabL,On
E1wABUuaPveIUGB8,euivtse
MlTFN8fO0YtwAaJp,Loget
Nu4Q7knmgrpkrfO5,aers1
XlZDXyB9uqWUIOsi,sinoe
lztinz3lU1tvZGIU,lane ag
8JsU2knnbYaIcxz9,ane
91YboKqXO5x31xGT,
jQR1TLHRrZMX5po0,
X3bkLvY2EmYHag44,n and Ao his hss
5WAeibYKkJf0SPuE,
rV8GXHtNW851QNUD,
Q5MDWH6FUhnFT50u,rChwrch
wuKrklKH8gQmp47P,
50AjyoFDLl4VZW7C,pm
Ufx0vlhzz9Dr1yS2,oallsfchouscoblh whnthes sicnkshallcoesoblsoudenwolthetlmw
92dvXjaOx6U5ovmX,Mal
JKn32AwiMqr9EXhA,ugular sgeabove nileu aliel ansggil
Y5Ij44OZzZD6gly4,hare
EcUKaAQQEBgIpXDy,loveber lb4y
mAMn0hOJbyk4caY8,
Mxl7fgXVOU8RurZl,Dorcoll mar
6k7RFhfQDZ5vNUx2,hae huulb stt ltui hauc yoal ttu 3 dayfaugao u 1y
UUOrjjW6mfNyrzoc,
y8N8iJvvbCrnv01b,lice
zjv8CFlfbSGFlDs9,hsyrn naigns exanyeffhsironsansaffontrm
TyhaJf0smxyYfsd6,
267xSV848jfudVh1,d elterroieue of
TSyFzpjPSa5W3X4g,yergcVewncn tio heres ans asscnies forererhely ascleerely aeguyttd au cirehongeo l
tSM9lPVyXSYQQfXD,uno John Narr his heris tceculors ad
eP32fNMGyDLJ9YV5,momhyyroyoyyonm
Y8deQOzxGZVRk8bj,uld aus ly ttiese knk do
YxzUYU3dJmlc4cqW,ralotsy
QDlaQ1nj5UrHMm1X,
RPc1kN6KdWZor7IP,
Qoavw1O9ZsJHxSgc,hemlhe saidstice
FdDiiIInrXf9noZw,
qegJddv7pE6wM8Q9,eale ud delner ao hs aehaud deedek tie useof tetad bnarles fernen
tslVmAqFNkWeqLMa,Uandall
XTMKfAR66xcIhemA,b8r arellen fule
QxeGPva2A0FgB9xO,csuted
YWBu0r3ZTIOOCdQ4,
m2d8euocmdZtsaCC,
iNQk10SMt207jQJA,gcteteri Ihs shxane twenfy/h
bCxApn8uSo635uO6,mannero
6m3Ri8ABcOR66QWa,land with thg himisrrs and annntenancrs befoirchiaind
jRkUTPWafU4Fxtx8,MS
ob5ZXrdZEHwXLokg,
IPQmeLjgUnrlqKgi,dsundoy Bunladoe sedet greelngeno
8mRK9ax0xbt5tG03,eacconhlan
4ccjZtxOoLP4oe9p,
p3z0Sr145GIjhw3T,Bill
71F0nYA4vgfGLo7K,16ysoall bhrehaihwhletowhorn thee psn's onall LoreSlane
k1SCciAzaq615v01,
xPtq8xoqvUeryPB5,ninie
89UreCyXmYXrTjx2,840
2kvASFsQ8z0WJcDf,hae ony ngh ttle or inere snt H
VUtgnHpAF9djTrfc,rerganes salesgulls geles leases mqaunenls jdqewrents couseuknaconsetecucn
O0ewj05Inff7XKDF,Billien
0j0Omdm1ZwGkfEZ9,639
1xJ0jy0bGl2vl8QA,
6BElc1hlNwMb528p,allxpian ople to nhom this psnts shall com FhomasSonoso
PvlYs1Sdbp1nSc4Y,land and
CaQD4WWgjFGFXMAp,nHig and Counding
axaewbJhjsCmOL6W,nereo
x90svubQdvsLcGVU,
wWHi8HVh1LdljeCV,
GhEQNrYfwYfwlyZm,sunne olho threud eglt hndred konds fqood orund wehantbl
eHWKHYBnTAV6f3o3,sitt Aloime to allxighs aitle ornteron whieh hee hrs Heire
AZq2KE7nCHcupr2j,Agagr Bosloi fe allinhnss an
hJhJW9ceZH2VErDk,guorykant
PyJG3m26kDxU3plE,oallbnustawneople towhone rhis Jrdnted deedle shall cone Iwbu
KfxX21HVqoqRw5yw,"1ofn:Barnss,"
9pYK25InuJ8trAhF,M
04knp9flvyFFiwa0,"Exonoxahdenddisharg?,sue"
NpNvpK8OY841fby2,mrsosanta
McMPbPmNRxXEiH5y,Beoruto*comristsato
ygD9G2AXJU3H5aa6,aud
hPJfm9NIKWd9KHmW,Intv15die
9wEO2JnAdL8fr5NJ,woseosor
aa5C6EJqlGsxxDBg,hatnsy
mOtmO4v3tN5DHFkM,let
vMWvwmMr7xZdBQKH,uone
VpWVquLTlmlZxSHd,Hhomas B all wko hoah yosdbout Cvotioyoaros Qhors
9zGmuWzUwiSRgvA5,belr mte huel
3kBqy9NFNwc2UIdY,4Mi
HaNZMnCexgNoe7C1,
hgBDKwUskH95Vnk4,feand orgroungang prouifotwitc toepurnourosnineuorangformhs
0zQO0roVQTpwAjmL,
tiUBVkbrdGwjbzYp,nga lhoptno
ztfusDgu0umgnUlx,
Z2YeH6FM9SOcyvaB,ooath Rsfaw Ms abononaniedn
zOllOQBzbVN4mCLB,hs odiCo all bnristiupenlel whone shes
R1R4jXmZHuKv7Whq,is bill bdelh mue ferdisaudo
EhXbwiKGRCFaCPsw,Hheo Iudentres t pdid Ihonas totleroall
3cCqw30fC3hXZpnZ,imterod Wu whela
p4AWTixUU2HBngt9,Poh albe kdheed
zzoraqZgNC3Vqq6D,fan wihhs Sainir
w0jVvKm71xDbQF28,all Chrilialwfte l uhru ttise honl
iCxG2N8uxfRAGCq4,
QKjjvTPSroFSAmAz,MyybcpJmow
s5BSxg18G7rEGYGF,mavo iit
lmKF8UlPsbtk4l0z,heMortgages oals Mttes y rrreubences:taoevr:
LZdnEzqCrDBV6LhQ,dame nw as
E99qKJJ450VvOQuH,
bguXqgoHkCT77oJA,irs Om
aIaPtN8jM2nTkW18,neien
JxhWrKoZB2JX0NNR,Cules 24 die
nGCj2sVLZZpEMENc,MS
81BwtDeNXl5FP28d,
5zUiX3v8kzYailhB,N
8UU69ZKin3dZPsuZ,Mheras Here was pecrall cattll mortgagd unts Mrrio condon and rereed
dqUeRw4uk9Y9HVY1,fRiswtoto to tolisled gwo up to tiui to Seigyeuin
rFOlvGEGs8Ptq3Ip,merehautable
tlvXyybaLIYU2a43,orerraii ui
uIxytW7in2bq8e4V,nd cngul the ahhurlenauces b lhe
qaBDkdY41dVDHsnA,
WIPmsuiCWms8OBzB,houanpondo oydobaecoe andhvels hrndred
gydfBzlTM5LO1SSC,Crtees
NFlInwg3R6jMxKl5,louse
JkxYplcXJVmRUe4W,and in ye eonsideraton of eight thousandnoundsol
Ku1KEvjfowOmf8Eu,
bv0Yttr1F2SRg3oi,tob1658
QWC54fWKNanGbnvh,rmisses or
JgIamBHMnGOjw12i,fiuwrtuooufiorog
zKJ1FjdxaBfs0QOM,
2UVnaBeFJNnTlcAS,Plcnd br Mereaboutes
r0JLbq6affU05p1Y,Qin thsfoit
lTtbV0hoi2SjSoti,said HhomaGukino hi huio epiculs aniots andasyies
QFruXUEofqXsTfwJ,oaannngo py pm hp yn
O7JgYo82YpaN5Ipg,
boIwO1S4a8vaWQy2,dusenarged
dZ17WY0Xcmbrtp7y,welvehndreddNburres
ZR293TuA3pgAm1gk,
x81dzDMUXLA7r3ve,ton
qt9O1OEhPQ5sAlF6,STnw allne byAtuw pits tats Ronut blake oldondoi counausr
hXTpyXCpVcmDVXgH,by riblof cale beeeug l
yqdCGD3V99ZT2Pd3,hlig onsnsgreo
VrjkaBeRSJxScA4M,
K6cnTsJmYdJisfnc,
YtNexCLRXwxsB1l8,
nT1wzUkuESziedUO,rmimr
Zfz7mC4Xc4vRa8cs,
qmG0NU3DBdDsch3F,
A8BmAGbwnFmHd1JX,Conl hnhsns fhocs grosont thall cons
nGEi3hgi7bnGjULN,lagtoths
b50NpKGzQBmTMZHt,pau Hfoutiotoy ofsroubor
NnO9n9tGQKfsdizL,ani
UaH2buGIZLM3av2P,xaynuratlauehudlyhboneoa
fET1V5dC4o1h4Ctr,Paroh wth wilt lalfe the loureuge edfce
TWFPaotiv0QhT9MC,
QbfPBi3DldqyunDu,
47jW8wRTNWdUGqgL,
77RmdfGBXspipf0q,fmr donor lehamhnes th sume
kdnHqoVW4EvoBwSL,rantid
fbEQtkTD2KVLbDDX,tte
otu89P1T7LZTDROQ,aenree
n8XEtol1BK3TlWXr,
ucb9Nr82jS3PZgs8,
x5ARX6FqdUyI5FYn,
eDVxDAVagGc9HBTC,Sofharl th. Soion by h
jgYDa19VrCdh0lvT,
3Dk4zfJ4KgaKwog7,el Srana
Kort7lsAi3QV3Egi,Ju1ntes
PXvT71pCgiAV43HH,Looggas allsosi
4Nxo6Yf4cRP2kQLE,iss ues and profits tharittoshi soli andpronruse and
YpMnRwcHjsmUiyiu,ak9wm
weYTuHo9lHeYGkAI,nny
09whcaiyaFCWkeqm,eel sealed euel dhvered i thprsere
xSpdQhDtkzRG754T,Woole Het the cadWu libbes sl
3C4C4DCMxDcWPnKK,se vuv hedo cnd
EIugZ0MoUwTSPJ0o,hrew
qRMpzphjmbpZ0tDF,tloodi
gOYJSj395B9Pg8YX,"ugailt,Crenoxalsen"
CFkGXDeu7yxMBQNx,larganid
gLNNqSwlMuV45WhF,pnombmrnypmo mmyoy onyhy ppomy pmy
xw32VniyWqFr3gPT,
3aYSNLHYAhAjjKLL,lhio kseuk me shulih haugfod ol tte tlos f Ranbados geunyhees ishs au
UbVCn2VjAtt7WCXX,
MfOXyvtmb9GRUYLO,
W4WIYQeAgw3oR8Gf,
C6FEuYkk6wKjbAf4,esose
QKn9CBlN1YCruqMn,eusell loelher whall
fIqp2aZPgKlkbMxB,b4
uLvgq3LXWWcKSzCg,houioly ofhsfais sadane buinisyw
LGWH5eGFnJECPVw9,aud gran
TJLr183kV4PB0zbp,
zAi3DuPVbXgwkzRR,Hnow all men Mhat d Nathanill maveriche now nerident in
gm020mTcVuNewsgL,mill Ke debl lebad dalee lNoarcl1oA
4V3AP3xwNN8WLe89,oaco8
v6FZInAPMcS9nbm5,gnet Seated t deivedis lh puce
joGrGDCxy50eY26N,ma
0l3c2sxZRuBVhg2W,Hl ttie alneseid deel
BC5OYCU8sPAjVaix,sar
4hOjvplv7gkfWPUX,
6Pc5iM8MQNzymob9,aee
J8iJSvgJhRA8eOlY,rere
Hgh822JOgta8v6fS,iMin Me tslanso
NuNdjR6DVMKarzmz,h8maty
0Ip4h2GlIRuAbvoK,usautoge
eS9OCLAp5mbOvaDW,
4BBOF9VqEEPOiWdT,
1OHly3m7k3zZCAVo,vino
c8ant67E0hpgWSFV,que grcl derse
PttjCGFp1VTuuqQ8,Hale
7Z59YexQt4SfHx0H,tobaecoein rol
lpxZYmKZoWS6obO3,Reies
aicOndr7TSjo2iiT,one ovalwe
vxtHLLTXcEflSL6M,ines
GPaHryMH0WFniKYD,
dXgzN3LmX3lK76Cq,horsof ths scugSaynste
faEi3uSzRnTyTBVM,maRetebser
C3DmIUVlStm8Gjer,
XEDB0ULru2p17fr4,V
0YlIhXDJWxUljI7l,
FUKD24ixh3HsSPdD,vevesoer:
KCFpHxr8TzAjm9io,shisil o galwasMhis
gxjne7mp00zOWRnR,forsbnto.bolongrig un Hom this
